0.000000000000000000e+00,0.000000000000000000e+00,0.000000000000000000e+00,0.000000000000000000e+00,0.000000000000000000e+00,0.000000000000000000e+00
-5.396100193294397940e+00,-5.067369707168479565e+00,-5.311297007003152437e+00,-5.076525328051626040e+00,-4.633909619391132217e+00,-1.403640003371160461e+01
-3.440507872408026913e+00,-2.943787868378991313e+00,-3.509868839186671696e+00,-2.950161924605049002e+00,-1.764876317377102044e+00,-1.190485513273810980e+01
-3.019214978243367931e+00,-1.861846830297713584e+00,-2.927350477691501140e+00,-1.770876679185414693e+00,-6.339291749059090542e-01,-1.085447391734416378e+01
-2.208960690749580458e+00,-1.654862385499124455e+00,-2.244795858812010714e+00,-1.868193082120447324e+00,-1.033635213229206506e+01,-1.029507300324404184e+01
0.000000000000000000e+00,0.000000000000000000e+00,0.000000000000000000e+00,0.000000000000000000e+00,0.000000000000000000e+00,0.000000000000000000e+00
-5.191309419237490452e+00,-5.209736923132912700e+00,-5.090802553495400673e+00,-5.381891918936220875e+00,-1.433546174642021853e+01,-1.420369415182811501e+01
-5.285016107678250918e+00,-5.504483777134995925e+00,-5.422485638366829619e+00,-5.529976759046833834e+00,-1.452758251772723952e+01,-1.446453474196171562e+01
-4.782038334794273204e+00,-5.257682564000996983e+00,-5.560448047802039717e+00,-5.258204679370145129e+00,-1.426587523940822777e+01,-1.425120994501564553e+01
-5.229521684435503914e+00,-5.151989542430081670e+00,-5.492924050121154700e+00,-5.342738135888816409e+00,-1.428671389986989659e+01,-1.436091007857057988e+01
0.000000000000000000e+00,0.000000000000000000e+00,0.000000000000000000e+00,0.000000000000000000e+00,0.000000000000000000e+00,0.000000000000000000e+00
-5.265595942140154584e+00,-5.391888635728564694e+00,-5.309302341466225705e+00,-5.409192882116301782e+00,-1.428881336172835681e+01,-1.421886265631713719e+01
-2.787704318096102973e+00,-2.843257683353897836e+00,-2.562900905484231995e+00,-2.781940129228863690e+00,-1.162080118128509021e+01,-1.124117875953682599e+01
-5.858888978036013384e+00,-5.940307135769304026e+00,-5.952904158769000809e+00,-6.010782098424427566e+00,-1.501240145493461675e+01,-1.500829643987890627e+01
-3.496986430893477493e+00,-3.775257412470320872e+00,-4.082160913344663911e+00,-3.760849753621692937e+00,-1.278226390371741239e+01,-1.267002029827094312e+01
0.000000000000000000e+00,0.000000000000000000e+00,0.000000000000000000e+00,0.000000000000000000e+00,0.000000000000000000e+00,0.000000000000000000e+00
7.389586491507126986e+00,1.111138853577703145e+01,5.427908930152036682e+00,1.080692033730106161e+01,1.498105878283828574e+00,1.781162021736975376e+01
-4.037821986593673529e+00,-4.608016636750038586e+00,-4.095156451312453427e+00,-4.535111829980768228e+00,-1.359947297362740848e+01,-5.060509932766106722e+00
2.408092660129023954e-01,-1.925549619442371130e+00,-2.582617399730308350e+00,-2.058391473897421609e+00,-1.076660643902412851e+01,-2.915157749710945989e+00
6.649645658377913993e-01,-9.161240415118372393e-01,3.341324055655127134e-01,-9.208864519854210728e-01,-9.868388012055824277e+00,-1.936570408395476450e+00
0.000000000000000000e+00,0.000000000000000000e+00,0.000000000000000000e+00,0.000000000000000000e+00,0.000000000000000000e+00,0.000000000000000000e+00
-5.475237866634250494e+00,-5.404132862312865271e+00,-5.347958251634635118e+00,-5.078265658954854267e+00,-1.438879842170076806e+01,-1.439435189561811157e+01
-3.913225877166311761e+00,-3.573807756893528698e+00,-3.563602711139919776e+00,-2.954054368789553742e+00,-1.251551200364307093e+01,-1.262585008226091254e+01
-3.830701603108841891e+00,-3.093757091557651773e+00,-2.932804921916511987e+00,-1.848028525866058036e+00,-1.203503842975216998e+01,-1.205818831846423933e+01
-2.566833733352663405e+00,-2.191646800443623810e+00,-2.012552136572408834e+00,-2.016196417321279188e+00,-1.107983815065579947e+01,-9.865462638949146879e+00
0.000000000000000000e+00,0.000000000000000000e+00,0.000000000000000000e+00,0.000000000000000000e+00,0.000000000000000000e+00,0.000000000000000000e+00
-5.149892377777557151e+00,-4.984557777094980935e+00,-5.270860777147835741e+00,-5.076371067154815009e+00,-1.411500824179592684e+01,-1.398526194040091042e+01
-5.228440345481295104e+00,-5.529553202210328422e+00,-5.464043828448638784e+00,-5.569277323957728676e+00,-1.434409156443683386e+01,-1.449797390450171797e+01
-5.238157354516464359e+00,-5.592369056141454742e+00,-5.530266080892209501e+00,-5.259323926987759634e+00,-1.459481384947458338e+01,-1.456861916130445245e+01
-5.515236515788030758e+00,-5.426310335713615984e+00,-5.233268429949041511e+00,-5.257509949089757662e+00,-1.431658375915391979e+01,-1.440427101598899107e+01
0.000000000000000000e+00,0.000000000000000000e+00,0.000000000000000000e+00,0.000000000000000000e+00,0.000000000000000000e+00,0.000000000000000000e+00
-5.223383288152895432e+00,-5.087830872403289462e+00,-5.314492933018282628e+00,-5.474514066488787023e+00,-1.419838809633790433e+01,-1.437602644968994170e+01
-2.655976841916381392e+00,-2.174886560681802194e+00,-2.409310638868360499e+00,-2.596743639576120977e+00,-1.083234688478073515e+01,-1.132812808628959012e+01
-5.749373252695122005e+00,-5.998706655181281988e+00,-6.036591333582956409e+00,-6.020796915800321614e+00,-1.489421948755184211e+01,-1.498710419844741715e+01
-3.937798915059188776e+00,-3.916058270863575608e+00,-4.050870560266315756e+00,-3.830178907850338099e+00,-1.302359649942198594e+01,-1.291278969686321254e+01
0.000000000000000000e+00,0.000000000000000000e+00,0.000000000000000000e+00,0.000000000000000000e+00,0.000000000000000000e+00,0.000000000000000000e+00
2.450481467699207716e+00,3.833941526471909000e+00,4.365183018687527117e+00,1.236216153627255032e+01,-3.092095946645005089e+00,-3.919581099745063746e+00
-3.225694472016428005e+00,-4.125185523398949172e+00,-4.110076862662554120e+00,-4.621333052800821406e+00,-1.310338909235624349e+01,-1.312403762529984341e+01
-1.000171370102303836e+00,-2.609044792221736131e+00,-2.479081029741424302e+00,-1.963021557585491017e+00,-1.144538649473665792e+01,-1.156465249327734846e+01
2.202953158435549952e+00,1.976520473004780842e-02,-3.323465214606634577e-01,-7.160369772681923761e-01,-8.978410889444297993e+00,-9.173225376191489033e+00
0.000000000000000000e+00,0.000000000000000000e+00,0.000000000000000000e+00,0.000000000000000000e+00,0.000000000000000000e+00,0.000000000000000000e+00
-5.521325871187238832e+00,-5.677017071849257412e+00,-5.746097087619791210e+00,-5.664158267608479846e+00,-1.459813302775118160e+01,-1.474496652635189342e+01
-3.700603808515306348e+00,-3.882861159643042903e+00,-3.924445315846287308e+00,-3.939576132772601103e+00,-1.289558922454233958e+01,-1.294165797514105876e+01
-5.543987784524937901e+00,-5.718413072448221612e+00,-5.726357626842092152e+00,-5.641477112570362884e+00,-1.471198966845561706e+01,-1.472914049816305671e+01
-3.470463597904228426e+00,-3.218386555304722396e+00,-3.042053430752189147e+00,-3.420679933842067033e+00,-1.225657736411584331e+01,-1.226048221814921035e+01
0.000000000000000000e+00,0.000000000000000000e+00,0.000000000000000000e+00,0.000000000000000000e+00,0.000000000000000000e+00,0.000000000000000000e+00
-5.361899381072293913e+00,-5.385722323911148024e+00,-5.124477426422817672e+00,-5.396074628672363538e+00,-1.432935274336207598e+01,-1.439672419712977636e+01
-4.527193435236439356e+00,-3.855462614429902235e+00,-2.593209881229283198e+00,-3.819267034380174675e+00,-1.297463890196837966e+01,-1.283879024681057857e+01
-5.764676728185280652e+00,-6.128990082104327719e+00,-6.443564558646577289e+00,-6.140884090198018619e+00,-1.514576164882859288e+01,-1.513576319454525532e+01
-5.810736267784119669e+00,-5.998368661166356475e+00,-6.246483371075468582e+00,-5.934733282038660462e+00,-1.500330786258758309e+01,-1.489458410202626659e+01
0.000000000000000000e+00,0.000000000000000000e+00,0.000000000000000000e+00,0.000000000000000000e+00,0.000000000000000000e+00,0.000000000000000000e+00
-5.772436435188647685e+00,-5.932720885666717514e+00,-6.025858961406998837e+00,-5.830164861922586539e+00,-1.477893186677837178e+01,-1.492598272767931888e+01
-3.465862540579507378e+00,-3.647992695126517582e+00,-3.416792871828280731e+00,-3.664520937119544186e+00,-1.259359524392487906e+01,-1.263122068260113373e+01
-5.699999747603445854e+00,-6.040933522331509486e+00,-5.707638771861840432e+00,-6.040838077619432589e+00,-1.506448114865931842e+01,-1.506642612253197377e+01
-3.917314845767911446e+00,-3.865177184194400262e+00,-4.005429354698359035e+00,-3.898198682223025902e+00,-1.311502196345055893e+01,-1.312412347863906881e+01
0.000000000000000000e+00,0.000000000000000000e+00,0.000000000000000000e+00,0.000000000000000000e+00,0.000000000000000000e+00,0.000000000000000000e+00
-2.078521431062525959e+00,-2.987070541393785472e+00,-3.049659648627120578e+00,-2.950124417962018519e+00,-1.201735297959540993e+01,-1.197974180363644514e+01
1.545094955298424555e+00,3.163631999974775511e+00,7.723194060672504691e+00,3.485993678248049399e+00,-5.543260647795556828e+00,-5.549314191830594822e+00
-3.062133672237803861e+00,-3.759860929619405656e+00,-4.066850470967645848e+00,-3.786371109563040793e+00,-1.270044557988513034e+01,-1.278122832783939522e+01
3.081417184009668020e+00,7.606880175379128195e-01,3.213785898558039200e+00,5.584007809560644908e-01,-8.112571774728568386e+00,-7.985389416798676976e+00
0.000000000000000000e+00,0.000000000000000000e+00,0.000000000000000000e+00,0.000000000000000000e+00,0.000000000000000000e+00,0.000000000000000000e+00
-5.758732857096351410e+00,-5.814499269197111353e+00,-5.714946544830935338e+00,-5.676549027052891994e+00,-1.467625452250827678e+01,-1.458549312214200455e+01
-3.799988051259804323e+00,-3.909877003062278256e+00,-3.714842153906827260e+00,-3.904348640071515053e+00,-1.301808661710063930e+01,-1.274019198759044080e+01
-5.628119066971239981e+00,-5.721161540917418797e+00,-5.901874977889403517e+00,-5.689810823867012424e+00,-1.475655672561518195e+01,-1.485474574833580164e+01
-3.284466257224381458e+00,-2.657864748669026334e+00,-3.137697776919392556e+00,-3.162449060026808478e+00,-1.161289347118391646e+01,-1.160354364152069095e+01
0.000000000000000000e+00,0.000000000000000000e+00,0.000000000000000000e+00,0.000000000000000000e+00,0.000000000000000000e+00,0.000000000000000000e+00
-5.283753014835731676e+00,-5.082206453074483044e+00,-4.861711855043770569e+00,-5.352981591580499021e+00,-1.410850370969803791e+01,-1.403886638255043984e+01
-3.768079754568010031e+00,-2.632096331963804214e+00,-6.853011044127443885e-01,-3.934419936095428838e+00,-1.141781102517336777e+01,-1.156283369148229312e+01
-6.118268831521936235e+00,-6.366504122885522143e+00,-6.602776835029729341e+00,-6.126031412142658894e+00,-1.540905939523071666e+01,-1.539930542127166824e+01
-6.018677174897881343e+00,-6.239783712552540607e+00,-6.298875775142390943e+00,-6.022327553448294069e+00,-1.523761346518177895e+01,-1.522398532717996922e+01
0.000000000000000000e+00,0.000000000000000000e+00,0.000000000000000000e+00,0.000000000000000000e+00,0.000000000000000000e+00,0.000000000000000000e+00
-5.865859102350206911e+00,-6.173947593406471590e+00,-6.268410273649838160e+00,-5.934657932021716320e+00,-1.500655875520026683e+01,-1.509576302813080950e+01
-3.304708200153807507e+00,-3.543151100338547188e+00,-3.298903275026839665e+00,-3.615896859194934088e+00,-1.257210751735792087e+01,-1.259957743099586835e+01
-5.243105509292745658e+00,-5.695410787589101353e+00,-5.965540259322203553e+00,-6.080444763600471703e+00,-1.466719432065224282e+01,-1.466018697764278045e+01
-4.222524588001769885e+00,-4.068477880409474778e+00,-4.358780083169982333e+00,-4.018712357015008507e+00,-1.307769722526554013e+01,-1.301904488804765059e+01
0.000000000000000000e+00,0.000000000000000000e+00,0.000000000000000000e+00,0.000000000000000000e+00,0.000000000000000000e+00,0.000000000000000000e+00
-2.765107337641171448e+00,-3.185798504622808558e+00,-2.968005292054638034e+00,-2.981488706279870726e+00,-1.221728371384717526e+01,-1.217151821690749358e+01
3.690274426738228364e+00,7.730001219985861205e+00,1.302075838890246651e+01,3.148053183239651442e+00,-1.288497314290745432e+00,-2.289425267954247722e+00
-3.542005413450314943e+00,-4.172393507822533820e+00,-4.439814322312340522e+00,-3.743866404262479186e+00,-1.314729281845341191e+01,-1.320612883637816104e+01
5.936349181725712576e+00,3.266424143123205948e+00,1.267596812845806387e+00,7.705110347903605383e-01,-5.759030357712799031e+00,-6.173833663284468365e+00
0.000000000000000000e+00,0.000000000000000000e+00,0.000000000000000000e+00,0.000000000000000000e+00,0.000000000000000000e+00,0.000000000000000000e+00
-5.635535908265570271e+00,-5.796442682232377130e+00,-5.585400776120478028e+00,-5.852884934294690034e+00,-1.479055370395941971e+01,-1.473768977527119439e+01
-3.904852396265696690e+00,-3.532422444981953458e+00,-3.695984613785371575e+00,-3.625824330037014320e+00,-1.239093245100546348e+01,-1.269637332959111120e+01
-5.698918805080450234e+00,-5.962066603817209653e+00,-5.985304019892151217e+00,-5.803172702265383620e+00,-1.491178472986602443e+01,-1.491956237681882769e+01
-3.516830093689867098e+00,-3.429458454065942519e+00,-3.398109965050576164e+00,-3.009732356913020102e+00,-3.097317922936384971e+00,-1.244119704594076303e+01
0.000000000000000000e+00,0.000000000000000000e+00,0.000000000000000000e+00,0.000000000000000000e+00,0.000000000000000000e+00,0.000000000000000000e+00
-5.085035220954299717e+00,-4.720084334270497450e+00,-4.840342636938449239e+00,-5.131193087449267054e+00,-4.526517309848518522e+00,-1.369306669493760964e+01
-2.959471861149159277e+00,-9.510950006325954442e-01,-1.159608161580526708e+00,-2.499385894740103531e+00,1.360465147129870767e+00,-9.825392360106027567e+00
-6.348306971421988187e+00,-6.542196135268082635e+00,-6.576613890037616095e+00,-6.339836367187446697e+00,-1.553933790205208432e+01,-1.559275996873141068e+01
-6.124298475655285401e+00,-6.260561803553834181e+00,-6.274239417536691121e+00,-6.094308310046359090e+00,-1.529712477575931651e+01,-1.523666590099133522e+01
0.000000000000000000e+00,0.000000000000000000e+00,0.000000000000000000e+00,0.000000000000000000e+00,0.000000000000000000e+00,0.000000000000000000e+00
-6.209552575370653749e+00,-6.165207094443873714e+00,-6.242533444924723618e+00,-6.100469217565543723e+00,-1.515847359780672576e+01,-1.524824687107510357e+01
-3.160463514486518299e+00,-3.116679940711605035e+00,-3.277807767135859862e+00,-3.583391962710031464e+00,-1.223400093368653430e+01,-1.189249922192906439e+01
-5.656925220106423069e+00,-6.001293265786299180e+00,-6.009663525145619190e+00,-5.677480254824632588e+00,-1.497458472713020861e+01,-1.491572659057106165e+01
-4.019557640146736333e+00,-4.336947178515709211e+00,-4.306268252399726215e+00,-4.365146514844675529e+00,-1.338140687383416427e+01,-1.335020309056404031e+01
0.000000000000000000e+00,0.000000000000000000e+00,0.000000000000000000e+00,0.000000000000000000e+00,0.000000000000000000e+00,0.000000000000000000e+00
-2.870441384311474220e+00,-2.890643164236605500e+00,-3.139097785723455658e+00,-3.037581747693428369e+00,-1.191528887718253316e+01,-3.362031249193413451e+00
7.466071318975086690e+00,1.132503980780002273e+01,1.070059911773975259e+01,6.746313184528535345e+00,4.290489262208440735e+00,1.840467113846255032e+01
-4.093388576532418277e+00,-4.388093610073205753e+00,-4.378555498315252592e+00,-4.151807083308949764e+00,-1.345166095258350225e+01,-4.803849774691236973e+00
3.605742363512493220e+00,9.607533914088978166e-01,1.282900928204463220e+00,3.335373264007299277e+00,-8.227918159850005964e+00,-6.242397964300978597e-01
0.000000000000000000e+00,0.000000000000000000e+00,0.000000000000000000e+00,0.000000000000000000e+00,0.000000000000000000e+00,0.000000000000000000e+00
-5.565821449796327869e+00,-5.072545667585627527e+00,-5.499655670970879484e+00,-5.395642533708775446e+00,-1.444893346384412602e+01,-1.448476286250670064e+01
-3.962560439520469657e+00,-2.901389925488310428e+00,-3.846011078088577673e+00,-3.309361776779928821e+00,-1.235403077945883332e+01,-1.232510141202034681e+01
-3.982115452617576601e+00,-1.798600352577514938e+00,-3.875264537287677502e+00,-2.841990001073307237e+00,-1.192284758033451020e+01,-1.189246217672318373e+01
-2.722540884200551847e+00,-1.797914345443446971e+00,-2.687948665724923636e+00,-2.166880008863969920e+00,-1.066349514126687659e+01,-1.078403964310256669e+01
0.000000000000000000e+00,0.000000000000000000e+00,0.000000000000000000e+00,0.000000000000000000e+00,0.000000000000000000e+00,0.000000000000000000e+00
-5.378399796251523313e+00,-5.138354405380984424e+00,-5.250004560056440894e+00,-5.274041055471884398e+00,-1.419642676934135039e+01,-1.435610987326536225e+01
-5.127426746322944595e+00,-5.492039315555134138e+00,-5.066664403395590099e+00,-5.263904894036198989e+00,-1.433091017503460485e+01,-1.426389780357266091e+01
-4.125048187420222945e+00,-5.277831145911054733e+00,-5.273963062592325279e+00,-4.765152794769057287e+00,-1.380773496448425774e+01,-1.381202668584924176e+01
-5.171760043527517503e+00,-5.201856240097107786e+00,-5.462702849515714831e+00,-5.335374862603412538e+00,-1.420108810375649355e+01,-1.440083977046150920e+01
0.000000000000000000e+00,0.000000000000000000e+00,0.000000000000000000e+00,0.000000000000000000e+00,0.000000000000000000e+00,0.000000000000000000e+00
-4.909715879111082870e+00,-5.395018975808089756e+00,-5.331296363546180750e+00,-5.220463334182968040e+00,-1.425299727056413168e+01,-1.422177362823404145e+01
-3.171529026589234412e+00,-2.776900955409408400e+00,-2.611905243371859253e+00,-3.008725429869749224e+00,-1.174078424342927640e+01,-1.180914891428992952e+01
-5.870702880348265040e+00,-5.857615179327237520e+00,-5.707895310834537383e+00,-5.710740140288575795e+00,-1.482892515648048715e+01,-1.475454368459100962e+01
-3.317279762233370732e+00,-3.892375976741057286e+00,-3.676286267107082839e+00,-3.511665427558627428e+00,-1.254271364498249142e+01,-1.237945670307635204e+01
0.000000000000000000e+00,0.000000000000000000e+00,0.000000000000000000e+00,0.000000000000000000e+00,0.000000000000000000e+00,0.000000000000000000e+00
3.272763182537528515e+00,1.301740674195994529e+01,3.167362139782691877e+00,6.022810023198543306e+00,2.270502587873517442e-01,-1.063507497037496474e+00
-3.297151124084745533e+00,-4.595199804637723595e+00,-3.288911583907302649e+00,-4.000585731416761881e+00,-1.300691244309182260e+01,-1.302087383809499954e+01
3.368249662162462243e+00,-1.770005514609288788e+00,-9.797310226787420140e-01,-1.132565275988196007e-01,-8.458614902832119142e+00,-8.482401967428401690e+00
2.251477039440219041e+00,-7.808627178780178646e-01,2.156590888601493283e+00,4.593640370005603324e-01,-8.361342768649574708e+00,-8.432159227054004447e+00
0.000000000000000000e+00,0.000000000000000000e+00,0.000000000000000000e+00,0.000000000000000000e+00,0.000000000000000000e+00,0.000000000000000000e+00
-5.281397914879946143e+00,-5.460033321445207477e+00,-5.499089208476940271e+00,-5.449953135206283328e+00,-1.450577352543169063e+01,-1.443720076300074240e+01
-3.779328546088594365e+00,-3.614002257559766118e+00,-3.898841695982654176e+00,-3.494005379617614704e+00,-1.292722025779213624e+01,-1.288949911045946450e+01
-4.811440507920738519e+00,-2.978418353811443708e+00,-3.961487402331620000e+00,-2.925318955217571126e+00,-1.289851765950181672e+01,-1.293493256027866245e+01
-2.992248541235750459e+00,-2.383947485620382167e+00,-2.519185606845947056e+00,-2.166706479270789298e+00,-1.118388517887636446e+01,-1.156280307061211943e+01
0.000000000000000000e+00,0.000000000000000000e+00,0.000000000000000000e+00,0.000000000000000000e+00,0.000000000000000000e+00,0.000000000000000000e+00
-5.215194822199098468e+00,-5.036070178487419113e+00,-5.182470625549592036e+00,-5.351160240189924089e+00,-1.431985374024321978e+01,-1.426611203234794267e+01
-4.947888570522777307e+00,-5.517814884845852141e+00,-5.277721337156213721e+00,-5.341980644648843146e+00,-1.427974880026123472e+01,-1.418319406174497921e+01
-4.793766706227303942e+00,-5.617562165324985202e+00,-5.238999569112380961e+00,-4.789903476725410947e+00,-1.428016850848647401e+01,-1.423371194192763767e+01
-5.473066668020857506e+00,-5.385950891175534494e+00,-5.585993007456028892e+00,-5.322089957445902186e+00,-1.458528424729695772e+01,-1.459842125917706390e+01
0.000000000000000000e+00,0.000000000000000000e+00,0.000000000000000000e+00,0.000000000000000000e+00,0.000000000000000000e+00,0.000000000000000000e+00
-5.329112837005647307e+00,-5.257596893755803080e+00,-5.252385260166940739e+00,-5.257543338784953946e+00,-1.419998650308975030e+01,-1.411033396002273754e+01
-2.474068608919610668e+00,-2.218346050657011403e+00,-2.601836147388141729e+00,-2.757608806186854000e+00,-1.141027699696094544e+01,-1.139349201291597602e+01
-5.676665232036466335e+00,-5.999422361836271200e+00,-5.802680488601554387e+00,-5.610357475159720053e+00,-1.472453961508244014e+01,-1.470287263851131598e+01
-3.950176626691014103e+00,-4.114276619366608934e+00,-3.680383753069402797e+00,-3.557165723185351069e+00,-1.265248117094282243e+01,-1.282300681792649932e+01
0.000000000000000000e+00,0.000000000000000000e+00,0.000000000000000000e+00,0.000000000000000000e+00,0.000000000000000000e+00,0.000000000000000000e+00
4.657448648215547493e-01,6.103740475278120137e+00,3.843065381006763648e+00,7.094333275005211270e+00,-5.418094955215818409e+00,-5.340753118509368846e+00
-1.993775674594493008e+00,-4.135431778984116846e+00,-3.263381942480432230e+00,-3.981722122776746975e+00,-1.229951647544105420e+01,-1.245304132695726551e+01
1.209118490793576139e+00,-2.617975360198766754e+00,-1.130595854878319484e+00,9.244926362151837385e-01,-9.762328755440368155e+00,-1.025799628425317422e+01
4.272126711364077067e+00,-6.533021976067096559e-02,1.821147325435604092e+00,5.115139442153779914e-01,-6.608533695681863662e+00,-6.868439312538201058e+00
0.000000000000000000e+00,0.000000000000000000e+00,0.000000000000000000e+00,0.000000000000000000e+00,0.000000000000000000e+00,0.000000000000000000e+00
-5.289618983127941654e+00,-5.782413950057810226e+00,-5.690951965917016686e+00,-5.587658442106393508e+00,-1.447944765622371044e+01,-1.456639235512288622e+01
-3.669126695705569929e+00,-3.932482029708877835e+00,-3.541740974662741515e+00,-3.476121378688787011e+00,-1.258593874987271022e+01,-1.279567446337493486e+01
-5.248068088870887493e+00,-5.650089812273163759e+00,-5.666762389510317632e+00,-5.531559740949978377e+00,-1.457097272013533740e+01,-1.458280722351888237e+01
-3.196465773103437602e+00,-3.359696742811239201e+00,-3.335183353890355473e+00,-3.583753275119520243e+00,-1.247075721415994387e+01,-1.258423059835291369e+01
0.000000000000000000e+00,0.000000000000000000e+00,0.000000000000000000e+00,0.000000000000000000e+00,0.000000000000000000e+00,0.000000000000000000e+00
-5.360838198579092939e+00,-5.326355394289052470e+00,-5.176553351024471894e+00,-5.460738797272569833e+00,-1.454402514783004641e+01,-1.435854724883152045e+01
-4.714287496826613300e+00,-3.764703856367836554e+00,-3.803443368664360058e+00,-4.523703097040829846e+00,-1.353634901770362120e+01,-1.354454165678516375e+01
-5.314114582544937626e+00,-6.162224826018524837e+00,-6.118081349992814388e+00,-5.763029242378580719e+00,-1.476960207856284590e+01,-1.477213803137595605e+01
-5.646831190509502996e+00,-5.971593208683886544e+00,-5.983851730776429179e+00,-5.728880598552047232e+00,-1.478755440894793338e+01,-1.482934443260098156e+01
0.000000000000000000e+00,0.000000000000000000e+00,0.000000000000000000e+00,0.000000000000000000e+00,0.000000000000000000e+00,0.000000000000000000e+00
-5.586664290756519158e+00,-5.996839317362249844e+00,-5.922132654580207323e+00,-5.731717366423973559e+00,-1.484701810685844769e+01,-1.484497132958352594e+01
-3.083871395447966623e+00,-3.584103111096689442e+00,-3.249668432957982578e+00,-3.034429180952251670e+00,-1.245378565421912143e+01,-1.226048085681944499e+01
-5.218093666716819179e+00,-6.077637152874593163e+00,-5.255150491012283709e+00,-5.687980420001714776e+00,-1.468190821074063379e+01,-1.467417344032308080e+01
-3.734387800745425423e+00,-4.059301433763048195e+00,-4.296974961043277474e+00,-3.852089808066193388e+00,-1.292238359945716120e+01,-1.307625767092175906e+01
0.000000000000000000e+00,0.000000000000000000e+00,0.000000000000000000e+00,0.000000000000000000e+00,0.000000000000000000e+00,0.000000000000000000e+00
-8.071624266838685058e-01,-3.006842504861633181e+00,-2.769515293417790236e+00,-2.035846406164821598e+00,-1.112477306164157298e+01,-1.100741026287093405e+01
-1.160925349288952191e+00,3.322057349296658302e+00,4.975882789456358424e+00,1.167662006196788615e+00,-7.710083423086025789e+00,-7.658855685498064503e+00
-1.758675633130506011e+00,-3.774475280496084828e+00,-3.459378874373204127e+00,-2.953914474511009747e+00,-1.184494043806210861e+01,-1.194339806332648557e+01
5.987490261077605069e+00,9.938801900091063235e-01,5.821200617213484918e+00,3.263437529256120406e+00,-6.545440100620064428e+00,-5.863067024092024404e+00
0.000000000000000000e+00,0.000000000000000000e+00,0.000000000000000000e+00,0.000000000000000000e+00,0.000000000000000000e+00,0.000000000000000000e+00
-5.484678648813188673e+00,-5.789071984638840540e+00,-5.689293714894232856e+00,-5.554748218977016982e+00,-1.478212065191083013e+01,-1.468469452931888419e+01
-3.573908493607486747e+00,-3.861951047090002920e+00,-3.959982426646036391e+00,-3.613201733535916560e+00,-1.258328784929463140e+01,-1.261020165326357123e+01
-5.440951358664962711e+00,-5.794270222694351880e+00,-5.689797052989868931e+00,-5.528336603917177072e+00,-1.476986436224805743e+01,-1.469906513258598046e+01
-3.246724988624918318e+00,-3.048054512365943935e+00,-3.578949361736416535e+00,-3.524049303907604624e+00,-1.173553371551836122e+01,-1.235720306423287695e+01
0.000000000000000000e+00,0.000000000000000000e+00,0.000000000000000000e+00,0.000000000000000000e+00,0.000000000000000000e+00,0.000000000000000000e+00
-5.083149814581121362e+00,-5.096571678263162930e+00,-5.029854454363847260e+00,-5.391681448128453624e+00,-1.427987739335013195e+01,-1.431233100118117996e+01
-4.448222322565955622e+00,-2.700452502662440413e+00,-2.718958524194070581e+00,-4.547238416023857255e+00,-1.289328730996940919e+01,-1.296000781060746121e+01
-5.764919156715402337e+00,-6.395843449909945910e+00,-6.346371527692165060e+00,-5.759956560019533711e+00,-1.509273102543287415e+01,-1.510377749759460642e+01
-5.795831135793890532e+00,-6.220486454530072429e+00,-6.149519988371186408e+00,-5.881276873129052341e+00,-1.505371265891667498e+01,-1.506827427283939613e+01
0.000000000000000000e+00,0.000000000000000000e+00,0.000000000000000000e+00,0.000000000000000000e+00,0.000000000000000000e+00,0.000000000000000000e+00
-5.694404202488431821e+00,-6.004108212331172645e+00,-6.161470937997616915e+00,-5.795526081830193021e+00,-1.487976806295892374e+01,-1.487135664411263569e+01
-3.088405795418227573e+00,-3.563526874175159342e+00,-3.205208135957209770e+00,-3.160807396137707670e+00,-1.210596847361079575e+01,-1.231630402741186536e+01
-4.687353214462924633e+00,-5.695166673552291670e+00,-5.595228985252659548e+00,-5.673028373497945864e+00,-1.424780221373225331e+01,-1.424765823212073279e+01
-4.053941587716209050e+00,-4.071683994750713964e+00,-4.051632368817810637e+00,-4.099435091059474345e+00,-1.331125345747885014e+01,-1.309191285437991148e+01
0.000000000000000000e+00,0.000000000000000000e+00,0.000000000000000000e+00,0.000000000000000000e+00,0.000000000000000000e+00,0.000000000000000000e+00
-1.975595947191006729e+00,-3.219086857150473602e+00,-2.813746365576782260e+00,-2.054406426975563527e+00,-1.164281167208137724e+01,-1.172690867275658810e+01
2.298629479944920284e+00,6.975006322993479557e+00,8.788503189851704533e+00,1.588566537730849770e+00,-3.711929224990996090e+00,-3.977010417838225287e+00
-2.616811094530829163e+00,-4.188537490440604749e+00,-3.970953811354852814e+00,-2.898796122736731817e+00,-1.250017697340385325e+01,-1.245997397170099852e+01
8.932943580885776669e+00,3.023481006037621377e+00,3.266726610688216681e+00,3.049937393482692993e+00,-3.132670634578554214e+00,-2.886964855458455048e+00
0.000000000000000000e+00,0.000000000000000000e+00,0.000000000000000000e+00,0.000000000000000000e+00,0.000000000000000000e+00,0.000000000000000000e+00
-5.571385426886589443e+00,-5.719573104627664328e+00,-5.708648110536555187e+00,-5.749551620004810459e+00,-1.473501709869633736e+01,-1.471617843965614014e+01
-3.965630740353992767e+00,-3.778098138446215781e+00,-4.054919125339904618e+00,-3.810529311961465382e+00,-1.285451220740639044e+01,-1.293039445630231654e+01
-5.473807420211287855e+00,-5.926009170991425989e+00,-5.610738796223704306e+00,-5.687979742648967552e+00,-1.470747763223654658e+01,-1.453623364930069783e+01
-3.462825801672689607e+00,-3.328837815631319419e+00,-3.642234033614049071e+00,-3.562434104402762092e+00,-1.243928706275507423e+01,-1.231549537570868758e+01
0.000000000000000000e+00,0.000000000000000000e+00,0.000000000000000000e+00,0.000000000000000000e+00,0.000000000000000000e+00,0.000000000000000000e+00
-5.160107261497852704e+00,-4.819337749940109994e+00,-5.177035491271918310e+00,-5.248085292057409035e+00,-1.408856266596957418e+01,-1.418212064001842165e+01
-3.893566980580755565e+00,-1.062586558695237215e+00,-2.839517491600738186e+00,-3.910758237431660955e+00,-1.180528107156020035e+01,-1.198913736619777559e+01
-6.055007465846951042e+00,-6.562018329482688372e+00,-6.392847715413777721e+00,-6.128372320940231432e+00,-1.535160461346433358e+01,-1.537602979045683682e+01
-5.994381409190802756e+00,-6.252817567715442948e+00,-6.205709907695882599e+00,-6.067356387797415707e+00,-1.518527992729683262e+01,-1.506669465864582769e+01
0.000000000000000000e+00,0.000000000000000000e+00,0.000000000000000000e+00,0.000000000000000000e+00,0.000000000000000000e+00,0.000000000000000000e+00
-6.033384668946972340e+00,-6.327238564927679221e+00,-6.168487009967737578e+00,-5.977735663992331361e+00,-1.517523550565653068e+01,-1.522864964606552896e+01
-3.121350008367057782e+00,-3.331125623898977484e+00,-2.999672201097874691e+00,-3.240583045263585760e+00,-1.189197019620591789e+01,-1.220760548609841578e+01
-5.203668364722360273e+00,-5.995745476181086886e+00,-5.654426562420458602e+00,-5.228810597766480051e+00,-1.462287690916053862e+01,-1.457949269435816220e+01
-3.825070264267451670e+00,-4.220799103360916682e+00,-4.219727521730360031e+00,-4.167559372591606248e+00,-1.317356911913614326e+01,-1.300078991301602294e+01
0.000000000000000000e+00,0.000000000000000000e+00,0.000000000000000000e+00,0.000000000000000000e+00,0.000000000000000000e+00,0.000000000000000000e+00
-2.779059546056238617e+00,-2.455647024411851564e+00,-2.825209925612024886e+00,-2.736320742290436314e+00,-1.156888133436150845e+01,-1.151536045961409727e+01
5.676033963251083669e+00,1.355376942094096648e+01,8.882630305901754397e+00,5.228568186375722959e+00,4.667949999575274900e-01,-4.425158192782772670e-01
-3.554539852446297665e+00,-4.421593949056146222e+00,-3.935245250352360280e+00,-3.513442245912696826e+00,-1.307007675659861157e+01,-1.300765788035874948e+01
6.162896929139141555e+00,1.420270040060687577e+00,3.526588324514337902e+00,5.658845066589085704e+00,-5.746715632501763871e+00,-5.415578774258444028e+00
0.000000000000000000e+00,0.000000000000000000e+00,0.000000000000000000e+00,0.000000000000000000e+00,0.000000000000000000e+00,0.000000000000000000e+00
-5.737665659658979678e+00,-5.428310121615976591e+00,-5.422994802343371390e+00,-5.701416416480469707e+00,-1.444101552185949089e+01,-1.456031819097770175e+01
-4.013475028265976796e+00,-3.539760489725551906e+00,-3.604017174706505067e+00,-3.776736660095677323e+00,-1.282059154844452387e+01,-1.284483199884798843e+01
-4.978153741810205979e+00,-2.920127893574218536e+00,-4.761828102732516221e+00,-4.183908461615265750e+00,-1.308940393510612665e+01,-1.296658809514947031e+01
-2.473251729341356064e+00,-2.328151478642986216e+00,-2.862545918704115344e+00,-2.514436347512249537e+00,-1.153344755222972218e+01,-1.149358314261634817e+01
0.000000000000000000e+00,0.000000000000000000e+00,0.000000000000000000e+00,0.000000000000000000e+00,0.000000000000000000e+00,0.000000000000000000e+00
-5.266809667931763528e+00,-5.330053562885371576e+00,-5.291293344376288843e+00,-5.107055716920760879e+00,-1.423615717268774716e+01,-1.438472255123092758e+01
-5.319499547094964420e+00,-5.199849066763408523e+00,-5.059959597260151654e+00,-5.095750500290094465e+00,-1.410689726727364679e+01,-1.406392886363931005e+01
-3.245499537271452350e+00,-4.800805286291143226e+00,-4.784658168720909543e+00,-4.109546091533069045e+00,-1.321135274750124822e+01,-1.308977083692697541e+01
-4.948610020057079950e+00,-5.287271320368777339e+00,-5.433027449882096960e+00,-5.173913107031054892e+00,-1.417762990961310265e+01,-1.403720917436976556e+01
0.000000000000000000e+00,0.000000000000000000e+00,0.000000000000000000e+00,0.000000000000000000e+00,0.000000000000000000e+00,0.000000000000000000e+00
-4.081891746303694113e+00,-5.154553351695004615e+00,-5.335483312321427363e+00,-4.809364293374369659e+00,-1.384092910860438330e+01,-1.386200236681159836e+01
-3.664753569920455867e+00,-2.971649347031101840e+00,-2.916007279488884496e+00,-3.379018717681808948e+00,-1.230911791914950548e+01,-1.232763167216879374e+01
-6.077433041811833192e+00,-5.851377385572510192e+00,-5.685214772651387527e+00,-5.937463573815783491e+00,-1.494461441486159359e+01,-1.494234242792428446e+01
-3.109256520907752730e+00,-3.606265981570451196e+00,-3.644269771357976140e+00,-3.408985589025864460e+00,-1.231636222697525085e+01,-1.247010487836748993e+01
0.000000000000000000e+00,0.000000000000000000e+00,0.000000000000000000e+00,0.000000000000000000e+00,0.000000000000000000e+00,0.000000000000000000e+00
1.049669038686694922e+00,7.556458922903242836e+00,7.380037696284634796e-01,3.629899431962153589e+00,-4.753471342253544840e+00,-5.018310730461564617e+00
-3.939161779010174058e+00,-4.037928084882827839e+00,-2.109758064247092335e+00,-3.165679399715940701e+00,-1.228453411226168690e+01,-1.219557951685430375e+01
7.730132431219788103e+00,3.048560817872568718e-01,6.335241612995133886e-01,3.774554267383433359e+00,-5.077915699327143706e+00,-5.083339464343614722e+00
4.732185448626983759e-01,7.306106155515837974e-01,4.250039689256664310e+00,2.316060684680592896e+00,-6.672590486865964010e+00,-6.830618832536178964e+00
0.000000000000000000e+00,0.000000000000000000e+00,0.000000000000000000e+00,0.000000000000000000e+00,0.000000000000000000e+00,0.000000000000000000e+00
-5.233373253376767842e+00,-5.386809410005964693e+00,-5.153018294164891877e+00,-5.579814413885749502e+00,-1.437073456743064170e+01,-1.440160886081617164e+01
-3.628161730390234929e+00,-3.798081515246487960e+00,-3.635362741678776377e+00,-3.873161748803898519e+00,-1.283673314542484434e+01,-1.274546415985455283e+01
-5.351023830847230656e+00,-4.156646351643040305e+00,-5.297043827465928167e+00,-3.923376809555865208e+00,-1.380366528738954557e+01,-1.379210615527506434e+01
-3.475234301676129789e+00,-2.613150919642024839e+00,-3.114706983826530440e+00,-2.790638707739727664e+00,-1.197730809928493301e+01,-1.180685148976274235e+01
0.000000000000000000e+00,0.000000000000000000e+00,0.000000000000000000e+00,0.000000000000000000e+00,0.000000000000000000e+00,0.000000000000000000e+00
-5.325739874044209898e+00,-5.102683164739498345e+00,-5.470725167247036502e+00,-5.277723494762263101e+00,-1.434034904153268997e+01,-1.442759009351434152e+01
-5.248011449587661303e+00,-5.253897114744376040e+00,-4.726658839968759906e+00,-5.205208636530800348e+00,-1.402778717807414210e+01,-1.406639453577006194e+01
-5.309557880921352613e+00,-5.252948504509856953e+00,-5.307160579602231643e+00,-4.140018220956036998e+00,-1.379062216032413346e+01,-1.378978540730242663e+01
-5.506516427535701474e+00,-5.484956173350083120e+00,-5.598519241466080487e+00,-5.242804233006394199e+00,-1.446666413989717981e+01,-1.446174243868086151e+01
0.000000000000000000e+00,0.000000000000000000e+00,0.000000000000000000e+00,0.000000000000000000e+00,0.000000000000000000e+00,0.000000000000000000e+00
-5.614891972533214037e+00,-5.434245964555989516e+00,-5.619079139584544080e+00,-4.870814729496046880e+00,-1.440929980094903762e+01,-1.434606859504336462e+01
-2.774128823636415220e+00,-2.314740996702119080e+00,-3.111318551809512556e+00,-3.351041681102628456e+00,-1.172814364428067613e+01,-1.155977663280585688e+01
-5.946218332043899046e+00,-5.825694708022587598e+00,-5.226155887665020039e+00,-5.917223410248938720e+00,-1.469602286777943512e+01,-1.470562540548406361e+01
-4.113664734228835052e+00,-3.850472570823737506e+00,-4.063077867187041115e+00,-3.489510294991344797e+00,-1.292242850173508018e+01,-1.280984977568080652e+01
0.000000000000000000e+00,0.000000000000000000e+00,0.000000000000000000e+00,0.000000000000000000e+00,0.000000000000000000e+00,0.000000000000000000e+00
-1.124046049090368093e+00,3.661406097950222538e+00,-6.430894327803524657e-01,3.383672667915113230e+00,-8.041672505246543423e+00,-8.159232206914577290e+00
-3.203311829081301632e+00,-3.366753664295576431e+00,-2.536190646210828570e-01,-3.257704407027014692e+00,-1.089981794006779658e+01,-1.136715669412117791e+01
-8.069690805175488979e-01,-9.130347980043048706e-01,-1.043248455183568346e+00,3.813383970114169852e+00,-8.153469481531816498e+00,-7.995003509853204626e+00
1.923668716349644869e+00,1.831296204228198610e+00,6.609591973373619922e+00,2.315961267294665227e+00,-5.025271600559620744e+00,-4.756455540189032938e+00
0.000000000000000000e+00,0.000000000000000000e+00,0.000000000000000000e+00,0.000000000000000000e+00,0.000000000000000000e+00,0.000000000000000000e+00
-5.146272923014519662e+00,-5.465049282709170342e+00,-5.275092621688739492e+00,-5.229309838638102725e+00,-1.423459594612056733e+01,-1.429244864656169867e+01
-3.560684634576649632e+00,-3.636384161385920244e+00,-3.592853910304729226e+00,-3.818391151854604537e+00,-1.258629431159325129e+01,-1.274128793060113196e+01
-5.493060149455768482e+00,-5.473342156026229866e+00,-5.502623417420230645e+00,-4.711125034991112237e+00,-1.420783017119250324e+01,-1.420455134091409199e+01
-3.463079733570294749e+00,-3.574806324188837259e+00,-3.404002196431887839e+00,-2.796561931628493092e+00,-1.216810901608050521e+01,-1.202335908613123650e+01
0.000000000000000000e+00,0.000000000000000000e+00,0.000000000000000000e+00,0.000000000000000000e+00,0.000000000000000000e+00,0.000000000000000000e+00
-5.495975067804778291e+00,-5.454775561055813071e+00,-5.133621332025517070e+00,-5.361468962761531287e+00,-1.442665404069608570e+01,-1.439716794134629652e+01
-5.017307589234942355e+00,-4.516850113282226076e+00,-4.473793724094430324e+00,-5.032198861155124270e+00,-1.377771527404936336e+01,-1.369466912127440317e+01
-5.709944285114016083e+00,-5.756998391537237580e+00,-5.743097908304848787e+00,-4.793918187042366164e+00,-1.431516046721010582e+01,-1.431546976720625253e+01
-5.783287450565572030e+00,-5.795007504675715460e+00,-5.863135162981448545e+00,-5.437337910734659552e+00,-1.451118837358012392e+01,-1.450901820154396127e+01
0.000000000000000000e+00,0.000000000000000000e+00,0.000000000000000000e+00,0.000000000000000000e+00,0.000000000000000000e+00,0.000000000000000000e+00
-5.685699430996294268e+00,-5.751655482896584459e+00,-5.768702365542440091e+00,-5.335269892026843763e+00,-1.447875387732861263e+01,-1.461298011774758265e+01
-2.915351944946325879e+00,-3.181837011658742220e+00,-3.371971319162345715e+00,-2.782136493202960192e+00,-1.219512574142092376e+01,-1.222213107672385313e+01
-5.699900621715555005e+00,-5.682181774080902414e+00,-4.645548863438397902e+00,-5.693188896370771523e+00,-1.424328780886301260e+01,-1.424031593662478201e+01
-4.352779222581488305e+00,-3.821449527188145456e+00,-4.033632634671895367e+00,-3.904763242105198984e+00,-1.294808662442675207e+01,-1.296512496705004303e+01
0.000000000000000000e+00,0.000000000000000000e+00,0.000000000000000000e+00,0.000000000000000000e+00,0.000000000000000000e+00,0.000000000000000000e+00
-1.808831744762001481e+00,-2.186625703881898808e+00,-2.016006018853354398e+00,1.217461784832439387e+00,-9.563395024641508257e+00,-9.485661935253933308e+00
-2.423560243758592581e+00,1.697065266956868435e+00,1.083873490051731281e+00,-1.958330106500661083e+00,-9.538914680874087892e+00,-9.435961491634126119e+00
-2.460786850547286519e+00,-2.861851483767898774e+00,-2.846369897482897482e+00,1.021037459228742561e+00,-9.980343732209011165e+00,-1.009734174348845492e+01
3.899226963525635359e+00,3.565756033026774130e+00,9.042192462891300409e+00,4.225420975697902648e+00,-2.503055729047232614e+00,-2.430561439959245007e+00
0.000000000000000000e+00,0.000000000000000000e+00,0.000000000000000000e+00,0.000000000000000000e+00,0.000000000000000000e+00,0.000000000000000000e+00
-5.213775066860859120e+00,-5.704809046089922120e+00,-5.551902558766864892e+00,-5.273885900225879553e+00,-1.426549081053876655e+01,-1.435698904640405793e+01
-3.873788053745474524e+00,-3.720168011340420744e+00,-3.846830998440331495e+00,-3.605048291890935452e+00,-1.251048339645325669e+01,-1.227980626675426201e+01
-5.217438614697124777e+00,-5.650579430295893602e+00,-5.464478529289540809e+00,-5.229934066564129402e+00,-1.453904418861440995e+01,-1.441195621485856648e+01
-3.557036400442498358e+00,-3.384688440292002554e+00,-3.337164464678654241e+00,-3.195707602582886331e+00,-1.237123567940165358e+01,-1.236836279668927574e+01
0.000000000000000000e+00,0.000000000000000000e+00,0.000000000000000000e+00,0.000000000000000000e+00,0.000000000000000000e+00,0.000000000000000000e+00
-4.999879097815754569e+00,-5.065228881598420330e+00,-5.101086446501963856e+00,-5.235695497003955090e+00,-1.402118135708220770e+01,-1.396132613145565848e+01
-4.405269311883687422e+00,-3.877307167519528086e+00,-3.917055651019172302e+00,-4.796971980859166429e+00,-1.347547357937178703e+01,-1.351511613585278937e+01
-6.115596068808419439e+00,-6.122020205178329455e+00,-6.093385769894577919e+00,-5.317351876519368581e+00,-1.474274970203498292e+01,-1.475827424928783138e+01
-6.015917891029848086e+00,-6.003245249624767688e+00,-5.996636197600076379e+00,-5.586628218452124983e+00,-1.483849961413249474e+01,-1.486621164968966191e+01
0.000000000000000000e+00,0.000000000000000000e+00,0.000000000000000000e+00,0.000000000000000000e+00,0.000000000000000000e+00,0.000000000000000000e+00
-6.006925978264357369e+00,-5.743931916035272423e+00,-6.067809551372890020e+00,-5.548779033464233734e+00,-1.469134287882168799e+01,-1.479296013953359612e+01
-2.989237848051388813e+00,-3.108812154827671481e+00,-3.338972680065898757e+00,-3.226992034647081731e+00,-1.227662832871069298e+01,-1.240038428324917064e+01
-3.977694345114640484e+00,-5.248222753950651409e+00,-5.199723695912627619e+00,-5.244537735709895898e+00,-1.365597358038058218e+01,-1.368805294729879307e+01
-3.638259906155000500e+00,-4.106980059877098910e+00,-3.963801753843076092e+00,-4.172541460971670446e+00,-1.287003996966317843e+01,-1.284988009895895011e+01
0.000000000000000000e+00,0.000000000000000000e+00,0.000000000000000000e+00,0.000000000000000000e+00,0.000000000000000000e+00,0.000000000000000000e+00
-2.769731382185850244e+00,-2.703018346559047824e+00,-2.784664589059404172e+00,-7.404937525850425750e-01,-1.099882873111732629e+01,-1.103986730121943793e+01
-3.142238209417669292e-01,5.236836608343816479e+00,5.165833978986026587e+00,-9.510451262532245709e-01,-7.121583574355229374e+00,-6.982686737957020995e+00
-3.554241031552367147e+00,-3.507854980289434543e+00,-3.619642849144753427e+00,-1.172096028334557838e+00,-1.160383731117094541e+01,-1.162427817380512884e+01
1.182406159672495249e+01,6.199863286089003722e+00,5.920903892568851745e+00,6.457546059118569381e+00,-3.025622091392577984e-01,-1.349398562038253702e-01
0.000000000000000000e+00,0.000000000000000000e+00,0.000000000000000000e+00,0.000000000000000000e+00,0.000000000000000000e+00,0.000000000000000000e+00
-5.475911028634847355e+00,-5.716936689240212921e+00,-5.536700899279791699e+00,-5.437571092172603926e+00,-1.450091353886140944e+01,-1.457250509558984675e+01
-4.055603483633223760e+00,-4.120125702863885131e+00,-3.813714152745737884e+00,-3.805720477961805237e+00,-1.284215461494556187e+01,-1.295601556836674284e+01
-5.366769359328025679e+00,-5.699615311070062695e+00,-5.443382480400388523e+00,-5.353489998037857411e+00,-1.444854629444355076e+01,-1.439140793650029693e+01
-3.600170197587647447e+00,-3.323804810485418759e+00,-3.467413293930628804e+00,-3.458870972940562005e+00,-1.263682130389667968e+01,-1.253803069896233779e+01
0.000000000000000000e+00,0.000000000000000000e+00,0.000000000000000000e+00,0.000000000000000000e+00,0.000000000000000000e+00,0.000000000000000000e+00
-5.294595119330730348e+00,-4.956615779255042042e+00,-5.136520813260391449e+00,-5.181355163120674234e+00,-1.427404963259882464e+01,-1.416151382488608235e+01
-4.445827234937866912e+00,-2.992185738993291544e+00,-3.980732333012299673e+00,-4.412386771651466866e+00,-1.289871036396465698e+01,-1.300283487814173888e+01
-6.362133972862330289e+00,-6.359736121515081386e+00,-6.094218996598248950e+00,-5.737820499701888899e+00,-1.511118691473962983e+01,-1.510916914764099062e+01
-6.071907425706246642e+00,-6.144194691984599110e+00,-5.934105306517755807e+00,-5.830009503945022153e+00,-1.484121102473284637e+01,-1.481234269511919699e+01
0.000000000000000000e+00,0.000000000000000000e+00,0.000000000000000000e+00,0.000000000000000000e+00,0.000000000000000000e+00,0.000000000000000000e+00
-6.279616483449003361e+00,-6.232654152536170500e+00,-6.032368398128112652e+00,-5.804729162928325081e+00,-1.503773903492960251e+01,-1.503932327705013705e+01
-3.050571610753537222e+00,-3.208193878848252023e+00,-3.181186439237725150e+00,-3.236484564343089509e+00,-1.213170365724442945e+01,-1.198910596022871644e+01
-4.669851566871218829e+00,-5.645900631376139955e+00,-5.189227824502305353e+00,-4.646241447683716608e+00,-1.419579967989473346e+01,-1.419347692080959256e+01
-3.646842552371586166e+00,-3.943178990924732119e+00,-3.896817964775166843e+00,-3.959768739710058050e+00,-1.289127890993172798e+01,-1.292255649740246071e+01
0.000000000000000000e+00,0.000000000000000000e+00,0.000000000000000000e+00,0.000000000000000000e+00,0.000000000000000000e+00,0.000000000000000000e+00
-2.899603795179529708e+00,-2.648173693217260816e+00,-2.887688165699881182e+00,-2.023384987431085413e+00,-1.168604466779709306e+01,-1.181402287187920308e+01
1.542635426456429038e+00,9.751132199979268833e+00,4.707911862418306725e+00,1.898713490110796265e+00,-3.108816814142883356e+00,-3.145937186866651469e+00
-4.104816060250609411e+00,-4.047386786214364207e+00,-3.589296157346386629e+00,-2.600633536787221090e+00,-1.249603138830978999e+01,-1.260662438104628791e+01
8.070566951495546704e+00,3.252801532060220158e+00,4.858699532966589629e+00,8.971114322577253830e+00,-2.907810311589003049e+00,-2.747682555543954130e+00
0.000000000000000000e+00,0.000000000000000000e+00,0.000000000000000000e+00,0.000000000000000000e+00,0.000000000000000000e+00,0.000000000000000000e+00
-6.110559576238951962e+00,-5.587565388848610759e+00,-5.830518200561380482e+00,-5.799822956010619812e+00,-1.484435005246835715e+01,-1.482154119495432099e+01
-3.977987078124762821e+00,-3.825434640941057118e+00,-4.174568490899938311e+00,-4.123454140778560095e+00,-1.313363502954737960e+01,-1.315073674055283703e+01
-5.516664944595562226e+00,-4.150398662574840358e+00,-4.939378757982280987e+00,-4.946132576482721532e+00,-1.400657029889539018e+01,-1.396723169369767881e+01
-2.263878994394966426e+00,-2.597867372052380830e+00,-2.455889060080246544e+00,-2.717732900404297158e+00,-1.090917142926814520e+01,-1.165409133740394410e+01
0.000000000000000000e+00,0.000000000000000000e+00,0.000000000000000000e+00,0.000000000000000000e+00,0.000000000000000000e+00,0.000000000000000000e+00
-5.181638167730747035e+00,-5.221860815733377237e+00,-5.243228059231960003e+00,-5.316135674422606705e+00,-1.413754716816808354e+01,-1.427746093874055155e+01
-5.564856434463743007e+00,-5.080196086843776548e+00,-5.172461694889611827e+00,-5.304441271147089410e+00,-1.419873961364239889e+01,-1.423698713710351527e+01
-2.098640193646148067e+00,-4.144168883337155052e+00,-3.211827116834914175e+00,-3.231553787306344905e+00,-1.235789799562443747e+01,-1.237904917244364533e+01
-4.610614309882334894e+00,-5.141215548190662510e+00,-4.900938738418932239e+00,-4.913211146673177154e+00,-1.387649306023440943e+01,-1.393477916417883300e+01
0.000000000000000000e+00,0.000000000000000000e+00,0.000000000000000000e+00,0.000000000000000000e+00,0.000000000000000000e+00,0.000000000000000000e+00
-3.112821602607203975e+00,-4.848734335559668374e+00,-4.006219095531727170e+00,-4.121901860590197586e+00,-1.311749948764784612e+01,-1.314214324912280496e+01
-4.074793208874686101e+00,-3.327010129593929388e+00,-3.544835272411831273e+00,-3.601471428451331391e+00,-1.269040476559890784e+01,-1.264143033093490587e+01
-6.150677662477704644e+00,-5.979488080712088482e+00,-6.113032153631232646e+00,-6.144111295509176784e+00,-1.507664391746846810e+01,-1.516045579462806003e+01
-3.162087817954078339e+00,-3.315621508549076779e+00,-3.103582546435738276e+00,-3.152375375099400578e+00,-1.238929913354428791e+01,-1.230068735255789214e+01
0.000000000000000000e+00,0.000000000000000000e+00,0.000000000000000000e+00,0.000000000000000000e+00,0.000000000000000000e+00,0.000000000000000000e+00
-6.374139623885133332e-01,3.946149169890352137e+00,9.012180282189122815e-01,8.729705008252058862e-01,-8.251268864934898417e+00,-7.621336973780233670e+00
-4.064281345059406192e+00,-3.097513096250432696e+00,-3.888527225465509218e+00,-3.936363729884988949e+00,-1.298147313157403993e+01,-1.293401398892193832e+01
1.317547698093233066e+01,2.426593333237277328e+00,6.914211400891088211e+00,7.153752623856918014e+00,-3.058427242765515253e+00,-2.129249763373937565e+00
-1.300521049994890488e+00,2.251086277270369695e+00,5.374792595704285247e-01,4.567819350828795644e-01,-8.671650078237357562e+00,-8.660560806326625283e+00
0.000000000000000000e+00,0.000000000000000000e+00,0.000000000000000000e+00,0.000000000000000000e+00,0.000000000000000000e+00,0.000000000000000000e+00
-5.455895798351535930e+00,-5.314102593082164816e+00,-4.925140018791750229e+00,-5.179978357598563399e+00,-1.394513939647865719e+01,-1.417178274070338162e+01
-3.804705735683714174e+00,-3.944656713120791025e+00,-3.451711847742383377e+00,-3.794799964075103560e+00,-1.256965217458894024e+01,-1.282006239050714669e+01
-5.608994945954147937e+00,-4.778714495309493770e+00,-5.398846068325008574e+00,-5.266816462731595649e+00,-1.427789870660867599e+01,-1.434578044885036618e+01
-3.626019360013128523e+00,-3.150387228643016790e+00,-3.416608179783369170e+00,-3.392244169193818326e+00,-1.242108893090767197e+01,-1.180563683414245268e+01
0.000000000000000000e+00,0.000000000000000000e+00,0.000000000000000000e+00,0.000000000000000000e+00,0.000000000000000000e+00,0.000000000000000000e+00
-5.496210963986119857e+00,-5.287613876223344889e+00,-5.392073913643178784e+00,-5.196300460558458845e+00,-1.411354713857732257e+01,-1.430825453966257044e+01
-5.431143301424438796e+00,-4.975433606688777211e+00,-5.107534848990022525e+00,-5.210892385912226032e+00,-1.417982771403513809e+01,-1.431502816716446880e+01
-5.714189608307645329e+00,-4.795293525662864376e+00,-5.717333031881163485e+00,-5.312823686015853752e+00,-1.428713506761888397e+01,-1.429713841063496460e+01
-5.793020795528319056e+00,-5.384400465642810829e+00,-5.679409485061292173e+00,-5.526499173913643759e+00,-1.455712867159936863e+01,-1.444398896618133321e+01
0.000000000000000000e+00,0.000000000000000000e+00,0.000000000000000000e+00,0.000000000000000000e+00,0.000000000000000000e+00,0.000000000000000000e+00
-5.856676959498726021e+00,-5.341448778674052100e+00,-5.704134189694770818e+00,-5.625100964724872199e+00,-1.471525951453528869e+01,-1.469830940562687616e+01
-2.615030627602194624e+00,-2.645020905028175218e+00,-2.917615536164149148e+00,-2.958621906474878660e+00,-1.172624192340302507e+01,-1.184326971186396449e+01
-6.100368962615193347e+00,-5.656527796939934127e+00,-5.716531775631077394e+00,-5.965303647816282862e+00,-1.498854140892451170e+01,-1.496341089957599912e+01
-4.248253620459365720e+00,-3.879504443579341988e+00,-4.320921385749783461e+00,-4.168236538531438384e+00,-1.313911884910456251e+01,-1.309887740352854557e+01
0.000000000000000000e+00,0.000000000000000000e+00,0.000000000000000000e+00,0.000000000000000000e+00,0.000000000000000000e+00,0.000000000000000000e+00
-1.847261752301964766e+00,1.040278759616695359e+00,-1.802362027609167416e+00,-8.667290525923934119e-01,-9.681046065764959963e+00,-9.567228599981545401e+00
-3.987912876146289420e+00,-2.031498031245584812e+00,-2.572844386066452049e+00,-3.138644043939269768e+00,-1.225044178113087767e+01,-1.228113019693699215e+01
-2.455507430783292921e+00,1.309502047178090045e+00,-2.352700796303383246e+00,-1.091582652866780467e+00,-9.849375150561202830e+00,-9.657983812477288765e+00
-3.684307051376499720e-01,3.999486013761500036e+00,3.827621743896851392e+00,1.825280445599720469e+00,-7.163176882582495963e+00,-7.317554030400533982e+00
0.000000000000000000e+00,0.000000000000000000e+00,0.000000000000000000e+00,0.000000000000000000e+00,0.000000000000000000e+00,0.000000000000000000e+00
-5.177097887890719896e+00,-5.062800083064674439e+00,-5.045211314318907014e+00,-5.125752713404261307e+00,-1.409981055961475427e+01,-1.414637652310705462e+01
-3.478324843498455721e+00,-3.340485156212022577e+00,-3.761439312816183822e+00,-3.803335169534244553e+00,-1.247605042886726601e+01,-1.265483415670556866e+01
-5.623597605432910207e+00,-5.202057479912931548e+00,-5.455877965689920117e+00,-5.294846302351464473e+00,-1.437772675779829257e+01,-1.441822116310261137e+01
-3.926669421804569904e+00,-3.111625233586365002e+00,-3.468110970052700637e+00,-3.437125707753113879e+00,-1.252710900211398481e+01,-1.257318500018669383e+01
0.000000000000000000e+00,0.000000000000000000e+00,0.000000000000000000e+00,0.000000000000000000e+00,0.000000000000000000e+00,0.000000000000000000e+00
-5.450001127403105272e+00,-5.340666543047172254e+00,-5.393321252073200789e+00,-5.395048475294777823e+00,-1.454033506781045304e+01,-1.445598552803982528e+01
-5.073367250882449220e+00,-4.840860972739073453e+00,-5.068275564645799314e+00,-5.293069050161794742e+00,-1.403986811190377892e+01,-1.401361243859048145e+01
-6.046805689248987647e+00,-5.307398958878644102e+00,-5.715171277392046889e+00,-5.295828897683248826e+00,-1.471745314039084285e+01,-1.467118653544518203e+01
-5.859133445352589398e+00,-5.598869072783386969e+00,-5.746496729058896413e+00,-5.521886610412642504e+00,-1.464153541678685500e+01,-1.481510048047574557e+01
0.000000000000000000e+00,0.000000000000000000e+00,0.000000000000000000e+00,0.000000000000000000e+00,0.000000000000000000e+00,0.000000000000000000e+00
-6.008261434814647473e+00,-5.490342406709046941e+00,-5.693716565918218286e+00,-5.604509525493554634e+00,-1.469604362346530557e+01,-1.473960975703358045e+01
-2.934193766094229439e+00,-3.057047807081063162e+00,-2.668456626735824067e+00,-2.625055638191719165e+00,-1.161172102909775994e+01,-1.165913770244470449e+01
-6.014396310579971150e+00,-5.245449188885113578e+00,-5.728803879576361169e+00,-6.005969258817613898e+00,-1.471753768244849070e+01,-1.470385399982124852e+01
-4.384226117286755375e+00,-4.105705561775951473e+00,-4.208956896591030450e+00,-4.160291193037682689e+00,-1.326129260257178188e+01,-1.321111787187330755e+01
0.000000000000000000e+00,0.000000000000000000e+00,0.000000000000000000e+00,0.000000000000000000e+00,0.000000000000000000e+00,0.000000000000000000e+00
-2.692614384025127983e+00,-5.535545574258947665e-01,-1.891660646191909656e+00,-5.988715936816659813e-01,-1.053177487434476056e+01,-1.075807001609545033e+01
-3.389004229386828104e+00,-6.724233319582060275e-01,-2.360711617065166745e+00,-3.285697458628514589e+00,-1.143842078364695602e+01,-1.138906903845263230e+01
-3.223540658907758871e+00,-1.185213385911224826e+00,-2.374287456615687297e+00,-1.125412661774056966e+00,-1.133049807245453877e+01,-1.132895138950060776e+01
1.447324847703854056e+00,6.585859989697406824e+00,4.090729365287524288e+00,1.179884652855225591e+00,-5.193210029726412102e+00,-5.147937864059346502e+00
0.000000000000000000e+00,0.000000000000000000e+00,0.000000000000000000e+00,0.000000000000000000e+00,0.000000000000000000e+00,0.000000000000000000e+00
-5.367441870027342077e+00,-5.404032722809682276e+00,-5.479914245721662525e+00,-5.551407815391805833e+00,-1.451529791780816581e+01,-1.440342653991100441e+01
-4.200066366718169242e+00,-3.534632390924341561e+00,-4.103748019827571980e+00,-3.612136343638216118e+00,-1.275214720687529102e+01,-1.271605924248667563e+01
-5.410619504292018433e+00,-5.373121545556104550e+00,-5.204586497926474209e+00,-5.261976720117583106e+00,-1.431310048603536345e+01,-1.423431587004315979e+01
-4.051258426547788005e+00,-3.477080865048638891e+00,-3.686557336937349216e+00,-3.829237556257900188e+00,-1.282346898720049388e+01,-1.281781337315085878e+01
0.000000000000000000e+00,0.000000000000000000e+00,0.000000000000000000e+00,0.000000000000000000e+00,0.000000000000000000e+00,0.000000000000000000e+00
-5.080857299158695106e+00,-5.038657344816649619e+00,-5.130243976591232880e+00,-4.849837280944553797e+00,-1.409135150263440117e+01,-1.399306306948464496e+01
-4.145941865368219403e+00,-4.473380518199416400e+00,-4.409107231145092953e+00,-4.305847367864020114e+00,-1.327373632753880983e+01,-1.338008300001689577e+01
-6.444298434771295270e+00,-5.741501741236786138e+00,-6.398628859836404281e+00,-6.131295665710734255e+00,-1.511233274020588624e+01,-1.510469287106485936e+01
-6.170060632042883242e+00,-5.863537262583904841e+00,-6.044047744098774544e+00,-6.151797891196979506e+00,-1.514148577488428771e+01,-1.512737287269163211e+01
0.000000000000000000e+00,0.000000000000000000e+00,0.000000000000000000e+00,0.000000000000000000e+00,0.000000000000000000e+00,0.000000000000000000e+00
-6.189564131617875553e+00,-5.757786613848534962e+00,-6.325912334566337947e+00,-6.044951372252564070e+00,-1.503007737458431237e+01,-1.506693455666536252e+01
-2.682209803519520541e+00,-3.270967179218391863e+00,-3.024126614946341718e+00,-3.038593514534708273e+00,-1.196391757879398376e+01,-1.185971502741704775e+01
-3.150439374003734194e+00,-4.676300659865025189e+00,-4.673456303650679544e+00,-4.039082459688370541e+00,-1.301057067876695506e+01,-1.298451499280782784e+01
-3.423855461517063326e+00,-3.810400037076806967e+00,-3.673218269019038029e+00,-3.678866783774264793e+00,-1.279037081331026648e+01,-1.265345975205823237e+01
0.000000000000000000e+00,0.000000000000000000e+00,0.000000000000000000e+00,0.000000000000000000e+00,0.000000000000000000e+00,0.000000000000000000e+00
-2.641417736518692827e+00,-2.029464450630785066e+00,-3.089017697572251198e+00,-2.725464794374124367e+00,-1.178686960240643700e+01,-1.158307954707813359e+01
-2.105426225166486365e+00,1.862999334851344280e+00,2.759184403829924470e+00,-3.446700364528203497e-01,-9.517136073915803962e+00,-9.249174704425067617e+00
-3.828128391930362806e+00,-2.709328050682070721e+00,-4.038769009310428260e+00,-3.556738159340669725e+00,-1.254141055308125630e+01,-1.256460548426345625e+01
1.515557574586542167e+01,8.157238362631289874e+00,7.209131551989989006e+00,1.112453114057525561e+01,2.483985579611472705e+00,2.817499225561561182e+00
0.000000000000000000e+00,0.000000000000000000e+00,0.000000000000000000e+00,0.000000000000000000e+00,0.000000000000000000e+00,0.000000000000000000e+00
-5.477925377131075635e+00,-5.365705912466902205e+00,-5.548497576807925213e+00,-5.640223998988900256e+00,-1.441755878371473543e+01,-1.459879190212474320e+01
-4.105527210879938771e+00,-4.015019802102867352e+00,-3.850950542698794443e+00,-3.817270560682270553e+00,-1.294948761545629878e+01,-1.294988528048717313e+01
-5.546920769045980748e+00,-5.404206684330551624e+00,-5.213269536199970133e+00,-5.248124570258553945e+00,-1.441021772349533236e+01,-1.439220158652698345e+01
-4.048900504409654211e+00,-3.340256641818291961e+00,-3.756037428800197642e+00,-3.860990551019451544e+00,-1.250934426165334479e+01,-1.275005101516870809e+01
0.000000000000000000e+00,0.000000000000000000e+00,0.000000000000000000e+00,0.000000000000000000e+00,0.000000000000000000e+00,0.000000000000000000e+00
-5.038995430655832664e+00,-5.159314344142620357e+00,-5.149199971046534152e+00,-5.112408941317704958e+00,-1.420561439297793704e+01,-1.415814011116866489e+01
-4.653812966517596905e+00,-3.871151057497350667e+00,-4.369663587884470957e+00,-4.319847537129216875e+00,-1.327247869431346849e+01,-1.346541448566626720e+01
-6.697038840272201199e+00,-6.100621030232998621e+00,-6.402165272067011692e+00,-6.090428811015481614e+00,-1.540921598849525509e+01,-1.538754717709332809e+01
-6.235729210182377358e+00,-5.911108695408803015e+00,-6.087648194296015447e+00,-6.133782458980093111e+00,-1.505852416241386393e+01,-1.504551594951923299e+01
0.000000000000000000e+00,0.000000000000000000e+00,0.000000000000000000e+00,0.000000000000000000e+00,0.000000000000000000e+00,0.000000000000000000e+00
-6.445042085291432521e+00,-6.036183355701544073e+00,-6.300087873829063767e+00,-6.071354104519620876e+00,-1.530337929890652759e+01,-1.528255628562779833e+01
-2.915657093508977837e+00,-3.284170379203013912e+00,-2.797212426272587038e+00,-3.044362085156596009e+00,-1.206027783517565410e+01,-1.196856324350512502e+01
-4.153122822326002606e+00,-5.192832907771876449e+00,-4.685048843242460848e+00,-3.955636132299666485e+00,-1.365979733972922183e+01,-1.366798957817896287e+01
-3.331992278599810842e+00,-3.890293683758271559e+00,-3.567800768390046340e+00,-3.798576676527080753e+00,-1.264398915396675704e+01,-1.253478791569829198e+01
0.000000000000000000e+00,0.000000000000000000e+00,0.000000000000000000e+00,0.000000000000000000e+00,0.000000000000000000e+00,0.000000000000000000e+00
-2.712378734610558784e+00,-2.778928790988067998e+00,-2.928090295200566739e+00,-2.641992646754293794e+00,-1.179127379417762711e+01,-1.201567854775315425e+01
-8.049560757817214585e-01,5.995454804799783766e+00,1.901764223806396314e+00,-2.913224522136256267e-01,-6.600062482326896962e+00,-6.417676020911491364e+00
-4.177487334887613812e+00,-3.530945371082496287e+00,-4.104606719711458851e+00,-3.549517606477705201e+00,-1.305721923487488567e+01,-1.304056308564668143e+01
1.048676770831268001e+01,5.722719357414760566e+00,7.847486696539905715e+00,1.115144681367130453e+01,-2.028015943386701103e+00,-1.463956472145012011e+00
0.000000000000000000e+00,0.000000000000000000e+00,0.000000000000000000e+00,0.000000000000000000e+00,0.000000000000000000e+00,0.000000000000000000e+00
-6.165999317887966846e+00,-5.851427154041861201e+00,-6.174124311412504618e+00,-6.198896937808349605e+00,-1.516337671759916361e+01,-1.516181476393111538e+01
-4.239089154413386851e+00,-4.153556303181274778e+00,-4.314102374161344677e+00,-4.101722464242784305e+00,-1.325445485739702001e+01,-1.323535003622098571e+01
-5.470444496563461989e+00,-5.039592990597723698e+00,-5.449869767207302651e+00,-5.503330184237515077e+00,-1.439951557638475954e+01,-1.438866974441762459e+01
-1.899509274671695058e+00,-2.574886222339898278e+00,-2.281425336696938366e+00,-2.183880743804515578e+00,-9.451486324519660087e+00,-9.924903128013930598e+00
0.000000000000000000e+00,0.000000000000000000e+00,0.000000000000000000e+00,0.000000000000000000e+00,0.000000000000000000e+00,0.000000000000000000e+00
-5.262222579712055648e+00,-5.113925307161352407e+00,-5.334109320906866181e+00,-5.060966244981135453e+00,-1.423221060634314128e+01,-1.424953509043958810e+01
-5.595053723173854188e+00,-5.255970064202700520e+00,-5.506953446914600647e+00,-5.574454847930054413e+00,-1.461170978017413091e+01,-1.447936021034412946e+01
-2.405985904537060627e+00,-3.207985677953424819e+00,-2.355913017987033786e+00,-2.147352088589939978e+00,-7.765986253893160107e-01,-1.135729660798611107e+01
-4.633425208678492169e+00,-4.916066412846422651e+00,-4.530566256393934843e+00,-4.595219486168737433e+00,-4.298838191918601837e+00,-1.359739761493798937e+01
0.000000000000000000e+00,0.000000000000000000e+00,0.000000000000000000e+00,0.000000000000000000e+00,0.000000000000000000e+00,0.000000000000000000e+00
-3.018715088577164085e+00,-4.098539904249008714e+00,-3.043411623351303774e+00,-3.131075050007662952e+00,-1.600336414574764277e+00,-1.212000016317241347e+01
-4.102086318255739883e+00,-3.682021004173678058e+00,-3.982233648838342965e+00,-4.119689687071431905e+00,-1.308693077930382742e+01,-1.297811048600303074e+01
-6.071958267166957413e+00,-6.201285082997418208e+00,-6.041803350106002668e+00,-6.041132125175655787e+00,-1.500632476610674715e+01,-1.499887200646989704e+01
-3.005432082306288333e+00,-3.305935078836824914e+00,-3.072936349377677789e+00,-3.104520922660909843e+00,-1.206458261847183877e+01,-1.209716173886821444e+01
0.000000000000000000e+00,0.000000000000000000e+00,0.000000000000000000e+00,0.000000000000000000e+00,0.000000000000000000e+00,0.000000000000000000e+00
-4.785635903513166256e-01,1.444372709132522914e+00,-6.209898031451668299e-01,-9.690574021214765077e-01,-9.556341541296584197e+00,-2.400885582775011073e+00
-4.135215618952150507e+00,-3.957187803475564980e+00,-4.119934419463794129e+00,-4.069605228968993238e+00,-1.305991682163026901e+01,-4.530959098889573156e+00
9.931846344252353020e+00,4.314724722975326721e+00,8.878726855660829642e+00,8.851946437623944064e+00,-4.322433819199548166e-01,1.822741237606950193e+01
-1.296677814167736642e+00,3.246008100793668083e-01,-1.308984571438243760e+00,-1.304117759518575337e+00,-1.050525009142298849e+01,-3.015538350157789260e+00
0.000000000000000000e+00,0.000000000000000000e+00,0.000000000000000000e+00,0.000000000000000000e+00,0.000000000000000000e+00,0.000000000000000000e+00
-5.391511671277307016e+00,-5.266177682510927660e+00,-5.126879795449265309e+00,-5.368632225409551317e+00,-1.441181663359195042e+01,-1.431483464985587872e+01
-3.950577588523029426e+00,-3.741353643817471486e+00,-3.609995346781637249e+00,-3.839226285213144685e+00,-1.286110632994889436e+01,-1.283076343195443414e+01
-5.593354007793557514e+00,-5.334971864535918762e+00,-5.512957137127983742e+00,-5.491117111088353653e+00,-1.457085478207728890e+01,-1.457024779190572872e+01
-3.782860449411172166e+00,-3.428071434981196930e+00,-3.781318855798198264e+00,-3.846201014220820280e+00,-1.268628088966753076e+01,-1.279988494804736909e+01
0.000000000000000000e+00,0.000000000000000000e+00,0.000000000000000000e+00,0.000000000000000000e+00,0.000000000000000000e+00,0.000000000000000000e+00
-5.471113688739337455e+00,-5.380399135657915721e+00,-5.503330880687109961e+00,-5.390525379953175822e+00,-1.442236485273935642e+01,-1.438352143691822249e+01
-5.411339791299703883e+00,-5.113901168496139960e+00,-5.076018154090337298e+00,-5.388394599595338619e+00,-1.446600055198680401e+01,-1.431251475269619533e+01
-5.721342887803394284e+00,-5.311794327452713738e+00,-6.048503167927625768e+00,-5.713009197430244157e+00,-1.471065306642902648e+01,-1.473045957758935565e+01
-5.743022005959143250e+00,-5.638735220389039071e+00,-5.921045314131836435e+00,-5.627996574988245015e+00,-1.471203634817675265e+01,-1.466518336380062060e+01
0.000000000000000000e+00,0.000000000000000000e+00,0.000000000000000000e+00,0.000000000000000000e+00,0.000000000000000000e+00,0.000000000000000000e+00
-5.795484072358283889e+00,-5.636346989027583021e+00,-5.869124807574391589e+00,-5.811014911048951959e+00,-1.478684665866680703e+01,-1.471311018617455879e+01
-2.629673067481051341e+00,-2.682446398946680688e+00,-2.925354054941105897e+00,-2.808152836340569891e+00,-1.153371822262683821e+01,-1.163504636935211245e+01
-6.001544141383098108e+00,-5.994640801925228857e+00,-6.004989102328570638e+00,-5.990695586749116508e+00,-1.498904257818779406e+01,-1.492304073133951547e+01
-4.242133433411812149e+00,-4.194918672407291105e+00,-4.273692023055636113e+00,-4.152629633887957361e+00,-1.338767534155994277e+01,-1.333548223877368066e+01
0.000000000000000000e+00,0.000000000000000000e+00,0.000000000000000000e+00,0.000000000000000000e+00,0.000000000000000000e+00,0.000000000000000000e+00
-1.976365598654221234e+00,-5.140827818340519828e-01,-2.543689681681564174e+00,-1.950249047657858892e+00,-1.098182771379866196e+01,-1.099344829428563663e+01
-4.039541549836065393e+00,-3.315065471471436709e+00,-3.379796057637127316e+00,-3.975408503426919538e+00,-1.299323531767563722e+01,-1.291917959841863883e+01
-2.504964825273020779e+00,-7.914889991278531989e-01,-3.204882468871787626e+00,-2.541037172841404068e+00,-1.139247352253090284e+01,-1.146340569716771896e+01
-5.147806036951551034e-01,1.475108068720714538e+00,1.742753248739773664e+00,-1.504264164679239291e-01,-9.330945688348922573e+00,-9.165904049974914258e+00
0.000000000000000000e+00,0.000000000000000000e+00,0.000000000000000000e+00,0.000000000000000000e+00,0.000000000000000000e+00,0.000000000000000000e+00
-5.198565963930267486e+00,-5.018253358086750104e+00,-5.048908720544610595e+00,-5.312989529062834393e+00,-1.415279925810539652e+01,-1.409632976598177656e+01
-3.442224878365852447e+00,-3.601932431974979920e+00,-3.466376389009452552e+00,-3.775964732185983053e+00,-1.224489531132743636e+01,-1.230589044132418763e+01
-5.619041134845710772e+00,-5.401351142969113006e+00,-5.566532727993442009e+00,-5.528796507012000205e+00,-1.449288297119433722e+01,-1.456664179379028212e+01
-3.927804858976111646e+00,-3.451158587336314199e+00,-3.916254011482608099e+00,-3.764086736932270139e+00,-1.298529694457684869e+01,-1.288435936125387471e+01
0.000000000000000000e+00,0.000000000000000000e+00,0.000000000000000000e+00,0.000000000000000000e+00,0.000000000000000000e+00,0.000000000000000000e+00
-5.465523888238436712e+00,-5.389147922974738769e+00,-5.465378157961191086e+00,-5.395466572699312735e+00,-1.454108817140334509e+01,-1.432760039545417641e+01
-4.953476815483934814e+00,-4.894159025537509144e+00,-5.090330366453216904e+00,-5.407093410491536467e+00,-1.397431079845364899e+01,-1.395883455892360203e+01
-6.049423444516055959e+00,-5.694382414441721885e+00,-6.062835965204152799e+00,-5.740991861081426784e+00,-1.506637221426840512e+01,-1.506752356119550207e+01
-5.743358889503888065e+00,-5.771665977548595450e+00,-5.792294281075225371e+00,-5.768281881109113662e+00,-1.476546788716217762e+01,-1.487661935673100011e+01
0.000000000000000000e+00,0.000000000000000000e+00,0.000000000000000000e+00,0.000000000000000000e+00,0.000000000000000000e+00,0.000000000000000000e+00
-5.908491107831501665e+00,-5.717793157427736972e+00,-5.854909846539888107e+00,-5.803679194001562180e+00,-1.484099663018860227e+01,-1.491594466831714527e+01
-2.724169631161862171e+00,-2.857746985693850217e+00,-2.897383550525219675e+00,-2.775996809242501584e+00,-1.164755705114741957e+01,-1.177706662767114842e+01
-5.916570824051081701e+00,-5.695253696087254625e+00,-6.031955398174072336e+00,-6.147127321675558420e+00,-1.498262623477686972e+01,-1.506180281559128176e+01
-4.333749853265345564e+00,-4.083896736508895842e+00,-4.090000379882620329e+00,-4.334986012887353191e+00,-1.330592941779020855e+01,-1.342149497540289005e+01
0.000000000000000000e+00,0.000000000000000000e+00,0.000000000000000000e+00,0.000000000000000000e+00,0.000000000000000000e+00,0.000000000000000000e+00
-2.744245951366417913e+00,-1.842634929863867566e+00,-2.737960670696219179e+00,-1.916130877787078690e+00,-1.173116442918400359e+01,-1.153346092934170031e+01
-3.349637633347769761e+00,-2.248761135012341761e+00,-3.356771741392378328e+00,-3.917426359877818509e+00,-1.231383864805641259e+01,-1.235971604027569093e+01
-3.269906426670552424e+00,-2.639804491586269730e+00,-2.939660647132408045e+00,-2.512310417476768087e+00,-1.200366775793983010e+01,-1.199500750669315252e+01
1.198633472862229432e+00,3.993388005971951760e+00,1.550906919591417354e+00,-2.336429486502812070e-01,-7.404255303258906906e+00,-7.778177505731653341e+00
0.000000000000000000e+00,0.000000000000000000e+00,0.000000000000000000e+00,0.000000000000000000e+00,0.000000000000000000e+00,0.000000000000000000e+00
-5.447808816281026978e+00,-5.421173134749450284e+00,-5.434705557238448392e+00,-5.357492235515982415e+00,-1.412582129484393256e+01,-1.444944630975395761e+01
-4.155093670306320597e+00,-3.827154775294801414e+00,-4.367341380956968777e+00,-3.998946765535857928e+00,-1.325471048805462537e+01,-1.313102027235007263e+01
-5.338180289194275119e+00,-5.321961792074994868e+00,-5.537593560905158974e+00,-5.399765367247995052e+00,-1.432516252797708844e+01,-1.413594751482552780e+01
-4.091473854598817184e+00,-3.801610606320124486e+00,-3.902061507073355529e+00,-4.128968612172125852e+00,-1.318352884356113108e+01,-1.302376431185321337e+01
0.000000000000000000e+00,0.000000000000000000e+00,0.000000000000000000e+00,0.000000000000000000e+00,0.000000000000000000e+00,0.000000000000000000e+00
-5.028664024877104843e+00,-4.938968300403322687e+00,-5.230047870002310972e+00,-5.086651463458106370e+00,-1.410037060537105802e+01,-1.405836380593174795e+01
-4.415215775266006837e+00,-4.285028956682919166e+00,-4.681541424035863486e+00,-4.475543648506802086e+00,-1.334317387345836714e+01,-1.332268580327919771e+01
-6.406240462680928616e+00,-6.115110427275445737e+00,-6.683908374638931171e+00,-6.408082207801480301e+00,-1.538554348510044001e+01,-1.542231858664431776e+01
-6.120117422549254727e+00,-6.024803526649801455e+00,-6.107709475272474542e+00,-6.199941088335302553e+00,-1.505042189381480888e+01,-1.505254296584350193e+01
0.000000000000000000e+00,0.000000000000000000e+00,0.000000000000000000e+00,0.000000000000000000e+00,0.000000000000000000e+00,0.000000000000000000e+00
-6.222312088127413432e+00,-5.940135833540685972e+00,-6.488208863943545346e+00,-6.215333921108590509e+00,-1.519322532567924000e+01,-1.522258207801779406e+01
-2.540432879778444342e+00,-2.834510675974444283e+00,-2.845339444624957359e+00,-2.536459042882214909e+00,-2.609560130079735529e+00,-1.120489427865162391e+01
-3.211825296808923369e+00,-4.038685122573537178e+00,-4.120455817590073622e+00,-3.198862673292652836e+00,-2.033166351342789557e+00,-1.212315595278149694e+01
-3.506797223950143039e+00,-3.510689136520262821e+00,-3.703611020856341973e+00,-3.205719862579107460e+00,-3.777260936428844307e+00,-1.247312786138605389e+01
0.000000000000000000e+00,0.000000000000000000e+00,0.000000000000000000e+00,0.000000000000000000e+00,0.000000000000000000e+00,0.000000000000000000e+00
-2.652443372098649554e+00,-2.880779836263119620e+00,-2.854576814898511117e+00,-2.497739044475655756e+00,-1.156610164307827482e+01,-2.294775679655264522e+00
-1.948586091361093064e+00,-1.641557340933477716e-01,-8.770163324277977512e-01,-2.458085832205924248e+00,-1.075079742406758676e+01,-3.320879869809651996e+00
-3.771410573676520439e+00,-3.552342700422058908e+00,-4.119853109959956683e+00,-3.845283548628082304e+00,-1.242470896457698970e+01,-3.447355372401136986e+00
1.267577318290797805e+01,8.557601166627311073e+00,7.424512744865739755e+00,1.181159433609625253e+01,4.927754957417980641e+00,1.931326323594149841e+01
0.000000000000000000e+00,0.000000000000000000e+00,0.000000000000000000e+00,0.000000000000000000e+00,0.000000000000000000e+00,0.000000000000000000e+00
-5.380441397968325212e+00,-5.471942316804306650e+00,-5.224174707742681889e+00,-5.503033547435013162e+00,-1.445547531391927620e+01,-1.436269723957753364e+01
-4.382085987099374691e+00,-4.078601265618400973e+00,-4.292287911574999448e+00,-4.034042387756276327e+00,-1.333172329297314107e+01,-1.313457196889586598e+01
-5.442586340916646392e+00,-5.421230128912761792e+00,-5.450007510782890918e+00,-5.527500870340622541e+00,-1.454858664147672620e+01,-1.446988150149741692e+01
-3.905716540551338767e+00,-3.767599150638907712e+00,-3.783693510480990341e+00,-4.155834017948940584e+00,-1.283391837489604548e+01,-1.285413048359996147e+01
0.000000000000000000e+00,0.000000000000000000e+00,0.000000000000000000e+00,0.000000000000000000e+00,0.000000000000000000e+00,0.000000000000000000e+00
-4.966064028742507297e+00,-5.114397970138427674e+00,-5.044593793351531019e+00,-5.110589170051832220e+00,-1.397786008170150041e+01,-1.418766338692434914e+01
-4.737086087720491001e+00,-4.385452240307960992e+00,-4.721173353218820701e+00,-4.548785959096533382e+00,-1.373073809315946470e+01,-1.358717559397498498e+01
-6.723422647054247747e+00,-6.412779929651771127e+00,-6.715061381268570884e+00,-6.425965238508216437e+00,-1.569570519027733546e+01,-1.570865613204335531e+01
-6.215780092669412227e+00,-6.085972694704841146e+00,-6.120333120989801756e+00,-6.094555243042788284e+00,-1.514858978616946672e+01,-1.522189702088235030e+01
0.000000000000000000e+00,0.000000000000000000e+00,0.000000000000000000e+00,0.000000000000000000e+00,0.000000000000000000e+00,0.000000000000000000e+00
-6.415572651590232489e+00,-6.303448828674285132e+00,-6.459843937910116907e+00,-6.230413856455489174e+00,-1.548923269163062955e+01,-1.543165303748891937e+01
-2.799314655469278712e+00,-3.035485257586564067e+00,-2.890229344026489677e+00,-2.646181845556598855e+00,-1.176585437466260586e+01,-1.179011700580721289e+01
-4.204738477666050578e+00,-4.712715910341276349e+00,-4.155325352670353745e+00,-3.273424094965864839e+00,-1.316190867549578414e+01,-1.316346144324412037e+01
-3.845898217887955717e+00,-3.707741927488988232e+00,-3.794224094552706816e+00,-3.391286762351399808e+00,-1.268055688301564743e+01,-1.267503014441305176e+01
0.000000000000000000e+00,0.000000000000000000e+00,0.000000000000000000e+00,0.000000000000000000e+00,0.000000000000000000e+00,0.000000000000000000e+00
-2.706860504571799275e+00,-2.972476317750740726e+00,-2.695737325099427650e+00,-2.557826429769004761e+00,-1.169585507593784079e+01,-1.174850894604227669e+01
-7.635714197144458648e-01,2.090829270590527589e+00,-6.713518561958840003e-01,-2.271301650722822973e+00,-1.035020997374492779e+01,-9.976725120856299256e+00
-4.215492941306608010e+00,-4.091095647119380452e+00,-4.144094966773796962e+00,-3.857284545982354373e+00,-1.312563431074419995e+01,-1.308231738955586110e+01
9.024919283823347627e+00,7.037170370165839905e+00,8.835631823861742618e+00,1.409765725015460980e+01,-2.170555363420916706e+00,4.908859377917588196e-01
